marker,ExN,InN,MG,Astro,Oligo,OPC,VC
AIF1,0,0,1,0,0,0,0
ALDH1L1,0,0,0,1,0,0,0
APOE,0,0,1,0,0,0,0
AQP4,0,0,0,1,0,0,0
C1QA,0,0,1,0,0,0,0
CD40,0,0,1,0,0,0,0
CLDN11,0,0,0,0,1,0,0
CLDN5,0,0,0,0,0,0,1
CNP,0,0,0,0,1,0,0
COLEC12,0,0,0,0,0,0,1
CSF1R,0,0,1,0,0,0,0
CX3CR1,0,0,1,0,0,0,0
EPAS1,0,0,0,0,0,0,1
FA2H,0,0,0,0,1,0,0
GAD1,0,1,0,0,0,0,0
GAD2,0,1,0,0,0,0,0
GALC,0,0,0,0,1,0,0
GAP43,1,0,0,0,0,0,0
GFAP,0,0,0,1,0,0,0
GLS,1,0,0,0,0,0,0
GRIN1,1,0,0,0,0,0,0
GRIN2A,1,0,0,0,0,0,0
GRIN2B,1,0,0,0,0,0,0
ITGAM,0,0,1,0,0,0,0
LHFPL3,0,0,0,0,0,1,0
LHFPL3,0,0,0,0,0,1,0
MAP2,1,1,0,0,0,0,0
MAP2,1,1,0,0,0,0,0
MBP,0,0,0,0,1,0,0
MEGF11,0,0,0,0,0,1,0
MOBP,0,0,0,0,1,0,0
OLIG1,0,0,0,0,1,0,0
OLIG2,0,0,0,0,1,0,0
P2RY12,0,0,1,0,0,0,0
PCDH15,0,0,0,0,0,1,0
PDGFRA,0,0,0,0,0,1,0
PTPRC,0,0,1,0,0,0,1
PTPRC,0,0,1,0,0,0,1
PVALB,0,1,0,0,0,0,0
RORB,1,0,0,0,0,0,0
S100B,0,0,0,1,0,0,0
SLC17A7,1,0,0,0,0,0,0
SLC1A2,0,0,0,1,0,0,0
SLC1A3,0,0,0,1,0,0,0
SLC32A1,0,1,0,0,0,0,0
SOX9,0,0,0,1,0,0,0
SST,0,1,0,0,0,0,0
ST18,0,0,0,0,1,0,0
UGT8,0,0,0,0,1,0,0
VCAN,0,0,0,0,0,1,0
VIP,0,1,0,0,0,0,0
